YEAR.WEEK,SUMMER,Feb,Mar,Apr,May,Jun,Jul,Aug,Sep,Oct,Nov,Dec,DAYS,UNEMPLOYMENT,UTILITY.GAS,North CRIMES,West CRIMES,Central CRIMES
2006.0,0,0,0,0,0,0,0,0,0,0,0,0,1,39889,1.705,241,114,143
2006.01,0,0,0,0,0,0,0,0,0,0,0,0,7,39889,1.705,2041,706,822
2006.02,0,0,0,0,0,0,0,0,0,0,0,0,7,39889,1.705,2064,635,799
2006.03,0,0,0,0,0,0,0,0,0,0,0,0,7,39889,1.705,2096,721,846
2006.04,0,0,0,0,0,0,0,0,0,0,0,0,7,39889,1.705,1962,698,782
2006.05,0,0,0,0,0,0,0,0,0,0,0,0,7,39889,1.705,2066,652,853
2006.06,0,1,0,0,0,0,0,0,0,0,0,0,7,39051,1.705,1711,553,707
2006.07,0,1,0,0,0,0,0,0,0,0,0,0,7,39051,1.705,1732,598,649
2006.08,0,1,0,0,0,0,0,0,0,0,0,0,7,39051,1.705,1902,608,807
2006.09,0,1,0,0,0,0,0,0,0,0,0,0,7,39051,1.705,1826,597,813
2006.1,0,0,1,0,0,0,0,0,0,0,0,0,7,37543,1.671,1990,615,840
2006.11,0,0,1,0,0,0,0,0,0,0,0,0,7,37543,1.671,2037,635,789
2006.12,0,0,1,0,0,0,0,0,0,0,0,0,7,37543,1.671,1887,620,747
2006.13,0,0,1,0,0,0,0,0,0,0,0,0,7,37543,1.671,2035,611,845
2006.14,0,0,0,1,0,0,0,0,0,0,0,0,7,35645,1.663,1903,667,786
2006.15,0,0,0,1,0,0,0,0,0,0,0,0,7,35645,1.663,2262,739,931
2006.16,0,0,0,1,0,0,0,0,0,0,0,0,7,35645,1.663,1999,668,860
2006.17,0,0,0,1,0,0,0,0,0,0,0,0,7,35645,1.663,2008,677,831
2006.18,0,0,0,0,1,0,0,0,0,0,0,0,7,37946,1.663,2041,706,854
2006.19,0,0,0,0,1,0,0,0,0,0,0,0,7,37946,1.663,2053,672,867
2006.2,0,0,0,0,1,0,0,0,0,0,0,0,7,37946,1.663,2069,700,803
2006.21,0,0,0,0,1,0,0,0,0,0,0,0,7,37946,1.663,2158,750,912
2006.22,0,0,0,0,1,0,0,0,0,0,0,0,7,37946,1.663,1997,671,838
2006.23,0,0,0,0,0,1,0,0,0,0,0,0,7,40179,1.598,2204,689,878
2006.24,0,0,0,0,0,1,0,0,0,0,0,0,7,40179,1.598,2204,738,888
2006.25,1,0,0,0,0,1,0,0,0,0,0,0,7,40179,1.598,2192,823,964
2006.26,1,0,0,0,0,1,0,0,0,0,0,0,7,40179,1.598,2135,749,1049
2006.27,1,0,0,0,0,0,1,0,0,0,0,0,7,42513,1.6030000000000002,1980,681,952
2006.28,1,0,0,0,0,0,1,0,0,0,0,0,7,42513,1.6030000000000002,2308,717,916
2006.29,1,0,0,0,0,0,1,0,0,0,0,0,7,42513,1.6030000000000002,2255,767,968
2006.3,1,0,0,0,0,0,1,0,0,0,0,0,7,42513,1.6030000000000002,2187,834,1072
2006.31,1,0,0,0,0,0,1,0,0,0,0,0,7,42513,1.6030000000000002,2225,735,879
2006.32,1,0,0,0,0,0,0,1,0,0,0,0,7,41035,1.6030000000000002,2315,746,1119
2006.33,1,0,0,0,0,0,0,1,0,0,0,0,7,41035,1.6030000000000002,2340,810,1045
2006.34,1,0,0,0,0,0,0,1,0,0,0,0,7,41035,1.6030000000000002,2232,731,988
2006.35,1,0,0,0,0,0,0,1,0,0,0,0,7,41035,1.6030000000000002,2050,680,942
2006.36,1,0,0,0,0,0,0,0,1,0,0,0,7,38005,1.5430000000000001,2139,698,863
2006.37,1,0,0,0,0,0,0,0,1,0,0,0,7,38005,1.5430000000000001,2147,677,860
2006.38,1,0,0,0,0,0,0,0,1,0,0,0,7,38005,1.5430000000000001,2228,729,799
2006.39,0,0,0,0,0,0,0,0,1,0,0,0,7,38005,1.5430000000000001,2342,740,889
2006.4,0,0,0,0,0,0,0,0,0,1,0,0,7,35581,1.515,2061,749,808
2006.41,0,0,0,0,0,0,0,0,0,1,0,0,7,35581,1.515,2100,761,823
2006.42,0,0,0,0,0,0,0,0,0,1,0,0,7,35581,1.515,2276,784,841
2006.43,0,0,0,0,0,0,0,0,0,1,0,0,7,35581,1.515,2241,789,800
2006.44,0,0,0,0,0,0,0,0,0,1,0,0,7,35581,1.515,2223,739,841
2006.45,0,0,0,0,0,0,0,0,0,0,1,0,7,36787,1.514,2222,734,847
2006.46,0,0,0,0,0,0,0,0,0,0,1,0,7,36787,1.514,2135,719,838
2006.47,0,0,0,0,0,0,0,0,0,0,1,0,7,36787,1.514,1955,628,721
2006.48,0,0,0,0,0,0,0,0,0,0,1,0,7,36787,1.514,2275,794,831
2006.49,0,0,0,0,0,0,0,0,0,0,0,1,7,34511,1.483,1951,643,687
2006.5,0,0,0,0,0,0,0,0,0,0,0,1,7,34511,1.483,2197,684,814
2006.51,0,0,0,0,0,0,0,0,0,0,0,1,7,34511,1.483,1927,616,717
2006.52,0,0,0,0,0,0,0,0,0,0,0,1,7,34511,1.483,1858,627,678
2007.01,0,0,0,0,0,0,0,0,0,0,0,0,7,40482,1.482,2010,633,791
2007.02,0,0,0,0,0,0,0,0,0,0,0,0,7,40482,1.482,2077,746,743
2007.03,0,0,0,0,0,0,0,0,0,0,0,0,7,40482,1.482,1998,645,663
2007.04,0,0,0,0,0,0,0,0,0,0,0,0,7,40482,1.482,1842,707,670
2007.05,0,0,0,0,0,0,0,0,0,0,0,0,7,40482,1.482,1861,557,673
2007.06,0,1,0,0,0,0,0,0,0,0,0,0,7,36592,1.482,1827,573,593
2007.07,0,1,0,0,0,0,0,0,0,0,0,0,7,36592,1.482,1474,518,516
2007.08,0,1,0,0,0,0,0,0,0,0,0,0,7,36592,1.482,1760,630,635
2007.09,0,1,0,0,0,0,0,0,0,0,0,0,7,36592,1.482,1941,702,733
2007.1,0,0,1,0,0,0,0,0,0,0,0,0,7,34860,1.5119999999999998,1886,640,713
2007.11,0,0,1,0,0,0,0,0,0,0,0,0,7,34860,1.5119999999999998,1792,623,707
2007.12,0,0,1,0,0,0,0,0,0,0,0,0,7,34860,1.5119999999999998,2062,737,771
2007.13,0,0,1,0,0,0,0,0,0,0,0,0,7,34860,1.5119999999999998,2352,721,788
2007.14,0,0,0,1,0,0,0,0,0,0,0,0,7,32915,1.505,2203,644,827
2007.15,0,0,0,1,0,0,0,0,0,0,0,0,7,32915,1.505,2017,684,678
2007.16,0,0,0,1,0,0,0,0,0,0,0,0,7,32915,1.505,2143,733,831
2007.17,0,0,0,1,0,0,0,0,0,0,0,0,7,32915,1.505,2256,655,809
2007.18,0,0,0,1,0,0,0,0,0,0,0,0,7,32915,1.505,2135,725,844
2007.19,0,0,0,0,1,0,0,0,0,0,0,0,7,36947,1.506,2243,725,858
2007.2,0,0,0,0,1,0,0,0,0,0,0,0,7,36947,1.506,2056,730,808
2007.21,0,0,0,0,1,0,0,0,0,0,0,0,7,36947,1.506,2186,779,815
2007.22,0,0,0,0,1,0,0,0,0,0,0,0,7,36947,1.506,2104,718,815
2007.23,0,0,0,0,0,1,0,0,0,0,0,0,7,39493,1.5119999999999998,2050,673,836
2007.24,0,0,0,0,0,1,0,0,0,0,0,0,7,39493,1.5119999999999998,2092,721,788
2007.25,1,0,0,0,0,1,0,0,0,0,0,0,7,39493,1.5119999999999998,2071,667,824
2007.26,1,0,0,0,0,1,0,0,0,0,0,0,7,39493,1.5119999999999998,2079,730,834
2007.27,1,0,0,0,0,0,1,0,0,0,0,0,7,41661,1.5130000000000001,2140,650,814
2007.28,1,0,0,0,0,0,1,0,0,0,0,0,7,41661,1.5130000000000001,2255,712,854
2007.29,1,0,0,0,0,0,1,0,0,0,0,0,7,41661,1.5130000000000001,2090,776,806
2007.3,1,0,0,0,0,0,1,0,0,0,0,0,7,41661,1.5130000000000001,2038,738,928
2007.31,1,0,0,0,0,0,1,0,0,0,0,0,7,41661,1.5130000000000001,2120,668,795
2007.32,1,0,0,0,0,0,0,1,0,0,0,0,7,39871,1.5130000000000001,2095,716,808
2007.33,1,0,0,0,0,0,0,1,0,0,0,0,7,39871,1.5130000000000001,2084,722,854
2007.34,1,0,0,0,0,0,0,1,0,0,0,0,7,39871,1.5130000000000001,2073,673,857
2007.35,1,0,0,0,0,0,0,1,0,0,0,0,7,39871,1.5130000000000001,2158,782,835
2007.36,1,0,0,0,0,0,0,0,1,0,0,0,7,38460,1.4909999999999999,2019,747,765
2007.37,1,0,0,0,0,0,0,0,1,0,0,0,7,38460,1.4909999999999999,2073,775,800
2007.38,1,0,0,0,0,0,0,0,1,0,0,0,7,38460,1.4909999999999999,1985,759,863
2007.39,0,0,0,0,0,0,0,0,1,0,0,0,7,38460,1.4909999999999999,2123,691,806
2007.4,0,0,0,0,0,0,0,0,0,1,0,0,7,37868,1.49,2105,737,802
2007.41,0,0,0,0,0,0,0,0,0,1,0,0,7,37868,1.49,1976,733,766
2007.42,0,0,0,0,0,0,0,0,0,1,0,0,7,37868,1.49,2076,701,801
2007.43,0,0,0,0,0,0,0,0,0,1,0,0,7,37868,1.49,2003,705,718
2007.44,0,0,0,0,0,0,0,0,0,1,0,0,7,37868,1.49,1852,585,724
2007.45,0,0,0,0,0,0,0,0,0,0,1,0,7,36908,1.499,1827,620,709
2007.46,0,0,0,0,0,0,0,0,0,0,1,0,7,36908,1.499,2032,681,760
2007.47,0,0,0,0,0,0,0,0,0,0,1,0,7,36908,1.499,1758,649,684
2007.48,0,0,0,0,0,0,0,0,0,0,1,0,7,36908,1.499,2105,697,730
2007.49,0,0,0,0,0,0,0,0,0,0,0,1,7,37439,1.485,1923,606,715
2007.5,0,0,0,0,0,0,0,0,0,0,0,1,7,37439,1.485,2021,646,733
2007.51,0,0,0,0,0,0,0,0,0,0,0,1,7,37439,1.485,1845,633,688
2007.52,0,0,0,0,0,0,0,0,0,0,0,1,7,37439,1.485,1677,682,676
2007.53,0,0,0,0,0,0,0,0,0,0,0,1,1,37439,1.485,219,93,77
2008.0,0,0,0,0,0,0,0,0,0,0,0,0,6,42908,1.4809999999999999,1494,511,655
2008.01,0,0,0,0,0,0,0,0,0,0,0,0,7,42908,1.4809999999999999,2084,711,858
2008.02,0,0,0,0,0,0,0,0,0,0,0,0,7,42908,1.4809999999999999,1839,697,740
2008.03,0,0,0,0,0,0,0,0,0,0,0,0,7,42908,1.4809999999999999,1823,665,748
2008.04,0,0,0,0,0,0,0,0,0,0,0,0,7,42908,1.4809999999999999,1861,622,699
2008.05,0,1,0,0,0,0,0,0,0,0,0,0,7,40772,1.483,1947,753,769
2008.06,0,1,0,0,0,0,0,0,0,0,0,0,7,40772,1.483,1729,596,684
2008.07,0,1,0,0,0,0,0,0,0,0,0,0,7,40772,1.483,1882,646,680
2008.08,0,1,0,0,0,0,0,0,0,0,0,0,7,40772,1.483,2006,678,801
2008.09,0,0,1,0,0,0,0,0,0,0,0,0,7,40379,1.534,2052,724,693
2008.1,0,0,1,0,0,0,0,0,0,0,0,0,7,40379,1.534,2233,737,819
2008.11,0,0,1,0,0,0,0,0,0,0,0,0,7,40379,1.534,1967,714,723
2008.12,0,0,1,0,0,0,0,0,0,0,0,0,7,40379,1.534,2106,750,746
2008.13,0,0,1,0,0,0,0,0,0,0,0,0,7,40379,1.534,2071,714,756
2008.14,0,0,0,1,0,0,0,0,0,0,0,0,7,36775,1.528,2173,815,863
2008.15,0,0,0,1,0,0,0,0,0,0,0,0,7,36775,1.528,2277,678,776
2008.16,0,0,0,1,0,0,0,0,0,0,0,0,7,36775,1.528,2153,784,774
2008.17,0,0,0,1,0,0,0,0,0,0,0,0,7,36775,1.528,1990,670,751
2008.18,0,0,0,0,1,0,0,0,0,0,0,0,7,42376,1.528,1853,743,785
2008.19,0,0,0,0,1,0,0,0,0,0,0,0,7,42376,1.528,1755,777,764
2008.2,0,0,0,0,1,0,0,0,0,0,0,0,7,42376,1.528,2151,784,784
2008.21,0,0,0,0,1,0,0,0,0,0,0,0,7,42376,1.528,2189,795,782
2008.22,0,0,0,0,0,1,0,0,0,0,0,0,7,44833,1.712,2076,738,794
2008.23,0,0,0,0,0,1,0,0,0,0,0,0,7,44833,1.712,2144,829,816
2008.24,1,0,0,0,0,1,0,0,0,0,0,0,7,44833,1.712,2267,855,894
2008.25,1,0,0,0,0,1,0,0,0,0,0,0,7,44833,1.712,2188,842,882
2008.26,1,0,0,0,0,1,0,0,0,0,0,0,7,44833,1.712,2089,785,833
2008.27,1,0,0,0,0,0,1,0,0,0,0,0,7,47496,1.712,2145,859,925
2008.28,1,0,0,0,0,0,1,0,0,0,0,0,7,47496,1.712,2181,802,840
2008.29,1,0,0,0,0,0,1,0,0,0,0,0,7,47496,1.712,2170,796,803
2008.3,1,0,0,0,0,0,1,0,0,0,0,0,7,47496,1.712,2266,761,861
2008.31,1,0,0,0,0,0,0,1,0,0,0,0,7,48560,1.712,2232,803,869
2008.32,1,0,0,0,0,0,0,1,0,0,0,0,7,48560,1.712,2152,862,857
2008.33,1,0,0,0,0,0,0,1,0,0,0,0,7,48560,1.712,2342,854,836
2008.34,1,0,0,0,0,0,0,1,0,0,0,0,7,48560,1.712,2313,759,765
2008.35,1,0,0,0,0,0,0,0,1,0,0,0,7,45534,1.663,1939,711,784
2008.36,1,0,0,0,0,0,0,0,1,0,0,0,7,45534,1.663,1986,716,749
2008.37,1,0,0,0,0,0,0,0,1,0,0,0,7,45534,1.663,2048,761,781
2008.38,1,0,0,0,0,0,0,0,1,0,0,0,7,45534,1.663,1827,770,743
2008.39,0,0,0,0,0,0,0,0,1,0,0,0,7,45534,1.663,1915,704,713
2008.4,0,0,0,0,0,0,0,0,0,1,0,0,7,47123,1.683,1895,719,797
2008.41,0,0,0,0,0,0,0,0,0,1,0,0,7,47123,1.683,2025,748,801
2008.42,0,0,0,0,0,0,0,0,0,1,0,0,7,47123,1.683,1799,622,724
2008.43,0,0,0,0,0,0,0,0,0,1,0,0,7,47123,1.683,1684,608,820
2008.44,0,0,0,0,0,0,0,0,0,0,1,0,7,47956,1.6980000000000002,1899,646,748
2008.45,0,0,0,0,0,0,0,0,0,0,1,0,7,47956,1.6980000000000002,2034,638,694
2008.46,0,0,0,0,0,0,0,0,0,0,1,0,7,47956,1.6980000000000002,1680,626,659
2008.47,0,0,0,0,0,0,0,0,0,0,1,0,7,47956,1.6980000000000002,1674,611,626
2008.48,0,0,0,0,0,0,0,0,0,0,0,1,7,50439,1.6059999999999999,1868,655,719
2008.49,0,0,0,0,0,0,0,0,0,0,0,1,7,50439,1.6059999999999999,1901,650,648
2008.5,0,0,0,0,0,0,0,0,0,0,0,1,7,50439,1.6059999999999999,1833,653,691
2008.51,0,0,0,0,0,0,0,0,0,0,0,1,7,50439,1.6059999999999999,1458,590,580
2008.52,0,0,0,0,0,0,0,0,0,0,0,1,3,50439,1.6059999999999999,782,313,264
2009.0,0,0,0,0,0,0,0,0,0,0,0,0,4,59947,1.6059999999999999,913,373,384
2009.01,0,0,0,0,0,0,0,0,0,0,0,0,7,59947,1.6059999999999999,1774,601,568
2009.02,0,0,0,0,0,0,0,0,0,0,0,0,7,59947,1.6059999999999999,1598,656,635
2009.03,0,0,0,0,0,0,0,0,0,0,0,0,7,59947,1.6059999999999999,1667,667,648
2009.04,0,0,0,0,0,0,0,0,0,0,0,0,7,59947,1.6059999999999999,1549,542,571
2009.05,0,1,0,0,0,0,0,0,0,0,0,0,7,61315,1.6059999999999999,1670,623,555
2009.06,0,1,0,0,0,0,0,0,0,0,0,0,7,61315,1.6059999999999999,1807,680,659
2009.07,0,1,0,0,0,0,0,0,0,0,0,0,7,61315,1.6059999999999999,1706,655,587
2009.08,0,1,0,0,0,0,0,0,0,0,0,0,7,61315,1.6059999999999999,1764,671,657
2009.09,0,0,1,0,0,0,0,0,0,0,0,0,7,60996,1.4869999999999999,1730,535,604
2009.1,0,0,1,0,0,0,0,0,0,0,0,0,7,60996,1.4869999999999999,1960,722,634
2009.11,0,0,1,0,0,0,0,0,0,0,0,0,7,60996,1.4869999999999999,1948,673,726
2009.12,0,0,1,0,0,0,0,0,0,0,0,0,7,60996,1.4869999999999999,2000,635,665
2009.13,0,0,1,0,0,0,0,0,0,0,0,0,7,60996,1.4869999999999999,2120,733,667
2009.14,0,0,0,1,0,0,0,0,0,0,0,0,7,56296,1.48,2188,714,732
2009.15,0,0,0,1,0,0,0,0,0,0,0,0,7,56296,1.48,1862,756,643
2009.16,0,0,0,1,0,0,0,0,0,0,0,0,7,56296,1.48,1936,708,738
2009.17,0,0,0,1,0,0,0,0,0,0,0,0,7,56296,1.48,1889,607,758
2009.18,0,0,0,0,1,0,0,0,0,0,0,0,7,62571,1.483,1937,747,672
2009.19,0,0,0,0,1,0,0,0,0,0,0,0,7,62571,1.483,1965,701,691
2009.2,0,0,0,0,1,0,0,0,0,0,0,0,7,62571,1.483,2009,747,797
2009.21,0,0,0,0,1,0,0,0,0,0,0,0,7,62571,1.483,2120,684,738
2009.22,0,0,0,0,0,1,0,0,0,0,0,0,7,65829,1.3980000000000001,1928,711,732
2009.23,0,0,0,0,0,1,0,0,0,0,0,0,7,65829,1.3980000000000001,1956,788,789
2009.24,1,0,0,0,0,1,0,0,0,0,0,0,7,65829,1.3980000000000001,1934,729,686
2009.25,1,0,0,0,0,1,0,0,0,0,0,0,7,65829,1.3980000000000001,2095,731,839
2009.26,1,0,0,0,0,1,0,0,0,0,0,0,7,65829,1.3980000000000001,1959,665,785
2009.27,1,0,0,0,0,0,1,0,0,0,0,0,7,68442,1.3980000000000001,1988,740,811
2009.28,1,0,0,0,0,0,1,0,0,0,0,0,7,68442,1.3980000000000001,2001,719,754
2009.29,1,0,0,0,0,0,1,0,0,0,0,0,7,68442,1.3980000000000001,2008,780,821
2009.3,1,0,0,0,0,0,1,0,0,0,0,0,7,68442,1.3980000000000001,1922,768,711
2009.31,1,0,0,0,0,0,0,1,0,0,0,0,7,67983,1.3980000000000001,2016,773,849
2009.32,1,0,0,0,0,0,0,1,0,0,0,0,7,67983,1.3980000000000001,1888,818,799
2009.33,1,0,0,0,0,0,0,1,0,0,0,0,7,67983,1.3980000000000001,1871,728,803
2009.34,1,0,0,0,0,0,0,1,0,0,0,0,7,67983,1.3980000000000001,1929,732,809
2009.35,1,0,0,0,0,0,0,1,0,0,0,0,7,67983,1.3980000000000001,1955,742,835
2009.36,1,0,0,0,0,0,0,0,1,0,0,0,7,65854,1.3780000000000001,1645,694,688
2009.37,1,0,0,0,0,0,0,0,1,0,0,0,7,65854,1.3780000000000001,1800,644,737
2009.38,1,0,0,0,0,0,0,0,1,0,0,0,7,65854,1.3780000000000001,1832,614,777
2009.39,0,0,0,0,0,0,0,0,1,0,0,0,7,65854,1.3780000000000001,1807,660,784
2009.4,0,0,0,0,0,0,0,0,0,1,0,0,7,65774,1.321,1882,717,734
2009.41,0,0,0,0,0,0,0,0,0,1,0,0,7,65774,1.321,1550,512,660
2009.42,0,0,0,0,0,0,0,0,0,1,0,0,7,65774,1.321,1750,665,806
2009.43,0,0,0,0,0,0,0,0,0,1,0,0,7,65774,1.321,1758,661,632
2009.44,0,0,0,0,0,0,0,0,0,0,1,0,7,64266,1.325,1662,637,633
2009.45,0,0,0,0,0,0,0,0,0,0,1,0,7,64266,1.325,1807,703,665
2009.46,0,0,0,0,0,0,0,0,0,0,1,0,7,64266,1.325,1834,695,711
2009.47,0,0,0,0,0,0,0,0,0,0,1,0,7,64266,1.325,1623,564,626
2009.48,0,0,0,0,0,0,0,0,0,0,1,0,7,64266,1.325,1730,589,654
2009.49,0,0,0,0,0,0,0,0,0,0,0,1,7,63756,1.349,1844,560,611
2009.5,0,0,0,0,0,0,0,0,0,0,0,1,7,63756,1.349,1536,498,571
2009.51,0,0,0,0,0,0,0,0,0,0,0,1,7,63756,1.349,1231,429,477
2009.52,0,0,0,0,0,0,0,0,0,0,0,1,4,63756,1.349,878,359,377
2010.0,0,0,0,0,0,0,0,0,0,0,0,0,3,74593,1.3530000000000002,574,238,253
2010.01,0,0,0,0,0,0,0,0,0,0,0,0,7,74593,1.3530000000000002,1538,538,593
2010.02,0,0,0,0,0,0,0,0,0,0,0,0,7,74593,1.3530000000000002,1688,587,672
2010.03,0,0,0,0,0,0,0,0,0,0,0,0,7,74593,1.3530000000000002,1820,582,642
2010.04,0,0,0,0,0,0,0,0,0,0,0,0,7,74593,1.3530000000000002,1583,645,628
2010.05,0,1,0,0,0,0,0,0,0,0,0,0,7,73592,1.3519999999999999,1510,558,530
2010.06,0,1,0,0,0,0,0,0,0,0,0,0,7,73592,1.3519999999999999,1055,385,429
2010.07,0,1,0,0,0,0,0,0,0,0,0,0,7,73592,1.3519999999999999,1660,584,619
2010.08,0,1,0,0,0,0,0,0,0,0,0,0,7,73592,1.3519999999999999,1464,578,574
2010.09,0,0,1,0,0,0,0,0,0,0,0,0,7,72694,1.383,1745,619,620
2010.1,0,0,1,0,0,0,0,0,0,0,0,0,7,72694,1.383,1732,649,671
2010.11,0,0,1,0,0,0,0,0,0,0,0,0,7,72694,1.383,1851,686,702
2010.12,0,0,1,0,0,0,0,0,0,0,0,0,7,72694,1.383,1839,586,663
2010.13,0,0,1,0,0,0,0,0,0,0,0,0,7,72694,1.383,1804,763,662
2010.14,0,0,0,1,0,0,0,0,0,0,0,0,7,69944,1.375,1844,668,718
2010.15,0,0,0,1,0,0,0,0,0,0,0,0,7,69944,1.375,1896,673,704
2010.16,0,0,0,1,0,0,0,0,0,0,0,0,7,69944,1.375,1740,730,722
2010.17,0,0,0,1,0,0,0,0,0,0,0,0,7,69944,1.375,1923,686,720
2010.18,0,0,0,0,1,0,0,0,0,0,0,0,7,73123,1.375,1953,779,803
2010.19,0,0,0,0,1,0,0,0,0,0,0,0,7,73123,1.375,1919,727,728
2010.2,0,0,0,0,1,0,0,0,0,0,0,0,7,73123,1.375,1964,761,672
2010.21,0,0,0,0,1,0,0,0,0,0,0,0,7,73123,1.375,1876,756,730
2010.22,0,0,0,0,1,0,0,0,0,0,0,0,7,73123,1.375,1833,771,695
2010.23,0,0,0,0,0,1,0,0,0,0,0,0,7,74479,1.2919999999999998,1932,695,798
2010.24,0,0,0,0,0,1,0,0,0,0,0,0,7,74479,1.2919999999999998,1885,670,716
2010.25,1,0,0,0,0,1,0,0,0,0,0,0,7,74479,1.2919999999999998,1917,747,833
2010.26,1,0,0,0,0,1,0,0,0,0,0,0,7,74479,1.2919999999999998,1932,687,843
2010.27,1,0,0,0,0,0,1,0,0,0,0,0,7,77862,1.287,1791,750,805
2010.28,1,0,0,0,0,0,1,0,0,0,0,0,7,77862,1.287,1809,775,775
2010.29,1,0,0,0,0,0,1,0,0,0,0,0,7,77862,1.287,1871,803,811
2010.3,1,0,0,0,0,0,1,0,0,0,0,0,7,77862,1.287,1904,833,846
2010.31,1,0,0,0,0,0,0,1,0,0,0,0,7,76094,1.287,2102,785,847
2010.32,1,0,0,0,0,0,0,1,0,0,0,0,7,76094,1.287,1827,740,748
2010.33,1,0,0,0,0,0,0,1,0,0,0,0,7,76094,1.287,2074,752,789
2010.34,1,0,0,0,0,0,0,1,0,0,0,0,7,76094,1.287,1857,800,810
2010.35,1,0,0,0,0,0,0,1,0,0,0,0,7,76094,1.287,1814,704,827
2010.36,1,0,0,0,0,0,0,0,1,0,0,0,7,70586,1.3030000000000002,1727,724,753
2010.37,1,0,0,0,0,0,0,0,1,0,0,0,7,70586,1.3030000000000002,1862,623,738
2010.38,1,0,0,0,0,0,0,0,1,0,0,0,7,70586,1.3030000000000002,1679,632,766
2010.39,0,0,0,0,0,0,0,0,1,0,0,0,7,70586,1.3030000000000002,1944,582,723
2010.4,0,0,0,0,0,0,0,0,0,1,0,0,7,69967,1.2930000000000001,1708,676,623
2010.41,0,0,0,0,0,0,0,0,0,1,0,0,7,69967,1.2930000000000001,1725,638,744
2010.42,0,0,0,0,0,0,0,0,0,1,0,0,7,69967,1.2930000000000001,1792,724,776
2010.43,0,0,0,0,0,0,0,0,0,1,0,0,7,69967,1.2930000000000001,1900,726,808
2010.44,0,0,0,0,0,0,0,0,0,0,1,0,7,71748,1.3,1692,603,619
2010.45,0,0,0,0,0,0,0,0,0,0,1,0,7,71748,1.3,1796,713,713
2010.46,0,0,0,0,0,0,0,0,0,0,1,0,7,71748,1.3,1863,747,717
2010.47,0,0,0,0,0,0,0,0,0,0,1,0,7,71748,1.3,1653,571,632
2010.48,0,0,0,0,0,0,0,0,0,0,1,0,7,71748,1.3,1761,602,663
2010.49,0,0,0,0,0,0,0,0,0,0,0,1,7,68147,1.2570000000000001,1702,532,613
2010.5,0,0,0,0,0,0,0,0,0,0,0,1,7,68147,1.2570000000000001,1427,477,554
2010.51,0,0,0,0,0,0,0,0,0,0,0,1,7,68147,1.2570000000000001,1360,461,469
2010.52,0,0,0,0,0,0,0,0,0,0,0,1,5,68147,1.2570000000000001,923,290,401
2011.0,0,0,0,0,0,0,0,0,0,0,0,0,2,75237,1.273,390,123,208
2011.01,0,0,0,0,0,0,0,0,0,0,0,0,7,75237,1.273,1586,527,604
2011.02,0,0,0,0,0,0,0,0,0,0,0,0,7,75237,1.273,1501,500,543
2011.03,0,0,0,0,0,0,0,0,0,0,0,0,7,75237,1.273,1565,505,613
2011.04,0,0,0,0,0,0,0,0,0,0,0,0,7,75237,1.273,1266,413,452
2011.05,0,0,0,0,0,0,0,0,0,0,0,0,7,75237,1.273,1465,582,559
2011.06,0,1,0,0,0,0,0,0,0,0,0,0,7,71812,1.274,1623,538,642
2011.07,0,1,0,0,0,0,0,0,0,0,0,0,7,71812,1.274,1695,582,654
2011.08,0,1,0,0,0,0,0,0,0,0,0,0,7,71812,1.274,1660,629,616
2011.09,0,1,0,0,0,0,0,0,0,0,0,0,7,71812,1.274,1734,631,689
2011.1,0,0,1,0,0,0,0,0,0,0,0,0,7,69611,1.315,1731,629,666
2011.11,0,0,1,0,0,0,0,0,0,0,0,0,7,69611,1.315,1745,656,694
2011.12,0,0,1,0,0,0,0,0,0,0,0,0,7,69611,1.315,1770,655,621
2011.13,0,0,1,0,0,0,0,0,0,0,0,0,7,69611,1.315,1753,599,575
2011.14,0,0,0,1,0,0,0,0,0,0,0,0,7,65605,1.308,1817,744,655
2011.15,0,0,0,1,0,0,0,0,0,0,0,0,7,65605,1.308,1792,702,637
2011.16,0,0,0,1,0,0,0,0,0,0,0,0,7,65605,1.308,1868,766,715
2011.17,0,0,0,1,0,0,0,0,0,0,0,0,7,65605,1.308,1774,680,704
2011.18,0,0,0,0,1,0,0,0,0,0,0,0,7,71923,1.3090000000000002,1791,653,741
2011.19,0,0,0,0,1,0,0,0,0,0,0,0,7,71923,1.3090000000000002,1930,626,687
2011.2,0,0,0,0,1,0,0,0,0,0,0,0,7,71923,1.3090000000000002,1775,654,721
2011.21,0,0,0,0,1,0,0,0,0,0,0,0,7,71923,1.3090000000000002,1803,686,803
2011.22,0,0,0,0,1,0,0,0,0,0,0,0,7,71923,1.3090000000000002,1819,653,768
2011.23,0,0,0,0,0,1,0,0,0,0,0,0,7,77076,1.2570000000000001,1784,660,707
2011.24,0,0,0,0,0,1,0,0,0,0,0,0,7,77076,1.2570000000000001,1788,708,853
2011.25,1,0,0,0,0,1,0,0,0,0,0,0,7,77076,1.2570000000000001,1830,845,851
2011.26,1,0,0,0,0,1,0,0,0,0,0,0,7,77076,1.2570000000000001,1868,773,791
2011.27,1,0,0,0,0,0,1,0,0,0,0,0,7,81478,1.2570000000000001,1724,677,822
2011.28,1,0,0,0,0,0,1,0,0,0,0,0,7,81478,1.2570000000000001,1704,701,788
2011.29,1,0,0,0,0,0,1,0,0,0,0,0,7,81478,1.2570000000000001,1749,736,776
2011.3,1,0,0,0,0,0,1,0,0,0,0,0,7,81478,1.2570000000000001,1879,676,789
2011.31,1,0,0,0,0,0,0,1,0,0,0,0,7,79715,1.256,1825,709,743
2011.32,1,0,0,0,0,0,0,1,0,0,0,0,7,79715,1.256,1786,783,904
2011.33,1,0,0,0,0,0,0,1,0,0,0,0,7,79715,1.256,1793,744,780
2011.34,1,0,0,0,0,0,0,1,0,0,0,0,7,79715,1.256,1628,631,606
2011.35,1,0,0,0,0,0,0,1,0,0,0,0,7,79715,1.256,1874,689,780
2011.36,1,0,0,0,0,0,0,0,1,0,0,0,7,76153,1.22,1716,643,782
2011.37,1,0,0,0,0,0,0,0,1,0,0,0,7,76153,1.22,1802,609,726
2011.38,1,0,0,0,0,0,0,0,1,0,0,0,7,76153,1.22,1842,633,732
2011.39,0,0,0,0,0,0,0,0,1,0,0,0,7,76153,1.22,1733,660,727
2011.4,0,0,0,0,0,0,0,0,0,1,0,0,7,74783,1.209,1600,610,642
2011.41,0,0,0,0,0,0,0,0,0,1,0,0,7,74783,1.209,1694,625,698
2011.42,0,0,0,0,0,0,0,0,0,1,0,0,7,74783,1.209,1757,634,717
2011.43,0,0,0,0,0,0,0,0,0,1,0,0,7,74783,1.209,1661,553,665
2011.44,0,0,0,0,0,0,0,0,0,1,0,0,7,74783,1.209,1637,604,678
2011.45,0,0,0,0,0,0,0,0,0,0,1,0,7,71315,1.214,1766,659,649
2011.46,0,0,0,0,0,0,0,0,0,0,1,0,7,71315,1.214,1667,650,593
2011.47,0,0,0,0,0,0,0,0,0,0,1,0,7,71315,1.214,1509,573,580
2011.48,0,0,0,0,0,0,0,0,0,0,1,0,7,71315,1.214,1621,588,617
2011.49,0,0,0,0,0,0,0,0,0,0,0,1,7,69907,1.2429999999999999,1651,623,611
2011.5,0,0,0,0,0,0,0,0,0,0,0,1,7,69907,1.2429999999999999,1586,564,593
2011.51,0,0,0,0,0,0,0,0,0,0,0,1,7,69907,1.2429999999999999,1521,528,580
2011.52,0,0,0,0,0,0,0,0,0,0,0,1,6,69907,1.2429999999999999,1288,489,483
2012.0,0,0,0,0,0,0,0,0,0,0,0,0,1,76690,1.238,217,84,87
2012.01,0,0,0,0,0,0,0,0,0,0,0,0,7,76690,1.238,1553,582,625
2012.02,0,0,0,0,0,0,0,0,0,0,0,0,7,76690,1.238,1690,540,595
2012.03,0,0,0,0,0,0,0,0,0,0,0,0,7,76690,1.238,1587,566,574
2012.04,0,0,0,0,0,0,0,0,0,0,0,0,7,76690,1.238,1632,602,619
2012.05,0,0,0,0,0,0,0,0,0,0,0,0,7,76690,1.238,1771,634,620
2012.06,0,1,0,0,0,0,0,0,0,0,0,0,7,75242,1.2229999999999999,1541,583,591
2012.07,0,1,0,0,0,0,0,0,0,0,0,0,7,75242,1.2229999999999999,1825,628,641
2012.08,0,1,0,0,0,0,0,0,0,0,0,0,7,75242,1.2229999999999999,1815,559,693
2012.09,0,1,0,0,0,0,0,0,0,0,0,0,7,75242,1.2229999999999999,1696,564,644
2012.1,0,0,1,0,0,0,0,0,0,0,0,0,7,73466,1.198,1702,569,657
2012.11,0,0,1,0,0,0,0,0,0,0,0,0,7,73466,1.198,1900,598,775
2012.12,0,0,1,0,0,0,0,0,0,0,0,0,7,73466,1.198,1788,640,701
2012.13,0,0,1,0,0,0,0,0,0,0,0,0,7,73466,1.198,1656,583,693
2012.14,0,0,0,1,0,0,0,0,0,0,0,0,7,67273,1.192,1793,720,774
2012.15,0,0,0,1,0,0,0,0,0,0,0,0,7,67273,1.192,1782,651,623
2012.16,0,0,0,1,0,0,0,0,0,0,0,0,7,67273,1.192,1862,697,673
2012.17,0,0,0,1,0,0,0,0,0,0,0,0,7,67273,1.192,1898,579,676
2012.18,0,0,0,1,0,0,0,0,0,0,0,0,7,67273,1.192,1872,611,720
2012.19,0,0,0,0,1,0,0,0,0,0,0,0,7,75176,1.194,1887,694,678
2012.2,0,0,0,0,1,0,0,0,0,0,0,0,7,75176,1.194,1916,700,674
2012.21,0,0,0,0,1,0,0,0,0,0,0,0,7,75176,1.194,2005,739,697
2012.22,0,0,0,0,1,0,0,0,0,0,0,0,7,75176,1.194,1933,645,673
2012.23,0,0,0,0,0,1,0,0,0,0,0,0,7,80233,1.17,2005,690,770
2012.24,0,0,0,0,0,1,0,0,0,0,0,0,7,80233,1.17,1821,692,701
2012.25,1,0,0,0,0,1,0,0,0,0,0,0,7,80233,1.17,1925,750,714
2012.26,1,0,0,0,0,1,0,0,0,0,0,0,7,80233,1.17,1883,749,714
2012.27,1,0,0,0,0,0,1,0,0,0,0,0,7,84929,1.169,1986,721,665
2012.28,1,0,0,0,0,0,1,0,0,0,0,0,7,84929,1.169,1790,657,681
2012.29,1,0,0,0,0,0,1,0,0,0,0,0,7,84929,1.169,1898,722,684
2012.3,1,0,0,0,0,0,1,0,0,0,0,0,7,84929,1.169,1879,641,659
2012.31,1,0,0,0,0,0,1,0,0,0,0,0,7,84929,1.169,1761,732,679
2012.32,1,0,0,0,0,0,0,1,0,0,0,0,7,82763,1.169,1833,635,771
2012.33,1,0,0,0,0,0,0,1,0,0,0,0,7,82763,1.169,1855,705,726
2012.34,1,0,0,0,0,0,0,1,0,0,0,0,7,82763,1.169,1869,656,794
2012.35,1,0,0,0,0,0,0,1,0,0,0,0,7,82763,1.169,1868,730,719
2012.36,1,0,0,0,0,0,0,0,1,0,0,0,7,76146,1.179,1854,689,689
2012.37,1,0,0,0,0,0,0,0,1,0,0,0,7,76146,1.179,1802,668,693
2012.38,1,0,0,0,0,0,0,0,1,0,0,0,7,76146,1.179,1955,720,703
2012.39,0,0,0,0,0,0,0,0,1,0,0,0,7,76146,1.179,1768,695,668
2012.4,0,0,0,0,0,0,0,0,0,1,0,0,7,76990,1.173,1841,721,708
2012.41,0,0,0,0,0,0,0,0,0,1,0,0,7,76990,1.173,1754,708,666
2012.42,0,0,0,0,0,0,0,0,0,1,0,0,7,76990,1.173,1831,718,702
2012.43,0,0,0,0,0,0,0,0,0,1,0,0,7,76990,1.173,1805,733,687
2012.44,0,0,0,0,0,0,0,0,0,1,0,0,7,76990,1.173,1443,544,566
2012.45,0,0,0,0,0,0,0,0,0,0,1,0,7,72008,1.176,1593,553,580
2012.46,0,0,0,0,0,0,0,0,0,0,1,0,7,72008,1.176,1675,584,576
2012.47,0,0,0,0,0,0,0,0,0,0,1,0,7,72008,1.176,1430,553,554
2012.48,0,0,0,0,0,0,0,0,0,0,1,0,7,72008,1.176,1584,540,569
2012.49,0,0,0,0,0,0,0,0,0,0,0,1,7,73780,1.194,1705,628,629
2012.5,0,0,0,0,0,0,0,0,0,0,0,1,7,73780,1.194,1652,603,618
2012.51,0,0,0,0,0,0,0,0,0,0,0,1,7,73780,1.194,1568,560,543
2012.52,0,0,0,0,0,0,0,0,0,0,0,1,7,73780,1.194,1199,423,417
2012.53,0,0,0,0,0,0,0,0,0,0,0,1,1,73780,1.194,195,52,61
2013.0,0,0,0,0,0,0,0,0,0,0,0,0,6,83308,1.187,1327,448,536
2013.01,0,0,0,0,0,0,0,0,0,0,0,0,7,83308,1.187,1548,575,579
2013.02,0,0,0,0,0,0,0,0,0,0,0,0,7,83308,1.187,1598,571,576
2013.03,0,0,0,0,0,0,0,0,0,0,0,0,7,83308,1.187,1280,485,448
2013.04,0,0,0,0,0,0,0,0,0,0,0,0,7,83308,1.187,1449,586,510
2013.05,0,1,0,0,0,0,0,0,0,0,0,0,7,77129,1.188,1426,529,504
2013.06,0,1,0,0,0,0,0,0,0,0,0,0,7,77129,1.188,1571,588,524
2013.07,0,1,0,0,0,0,0,0,0,0,0,0,7,77129,1.188,1518,611,543
2013.08,0,1,0,0,0,0,0,0,0,0,0,0,7,77129,1.188,1689,648,560
2013.09,0,0,1,0,0,0,0,0,0,0,0,0,7,73266,1.224,1664,601,603
2013.1,0,0,1,0,0,0,0,0,0,0,0,0,7,73266,1.224,1469,651,587
2013.11,0,0,1,0,0,0,0,0,0,0,0,0,7,73266,1.224,1597,645,567
2013.12,0,0,1,0,0,0,0,0,0,0,0,0,7,73266,1.224,1641,731,612
2013.13,0,0,0,1,0,0,0,0,0,0,0,0,7,67452,1.214,1709,664,575
2013.14,0,0,0,1,0,0,0,0,0,0,0,0,7,67452,1.214,1657,679,602
2013.15,0,0,0,1,0,0,0,0,0,0,0,0,7,67452,1.214,1769,631,694
2013.16,0,0,0,1,0,0,0,0,0,0,0,0,7,67452,1.214,1640,682,611
2013.17,0,0,0,1,0,0,0,0,0,0,0,0,7,67452,1.214,1767,765,590
2013.18,0,0,0,0,1,0,0,0,0,0,0,0,7,72640,1.216,1771,770,682
2013.19,0,0,0,0,1,0,0,0,0,0,0,0,7,72640,1.216,1735,764,670
2013.2,0,0,0,0,1,0,0,0,0,0,0,0,7,72640,1.216,1762,730,635
2013.21,0,0,0,0,1,0,0,0,0,0,0,0,7,72640,1.216,1708,781,646
2013.22,0,0,0,0,0,1,0,0,0,0,0,0,7,75706,1.215,1713,717,706
2013.23,0,0,0,0,0,1,0,0,0,0,0,0,7,75706,1.215,1724,765,701
2013.24,1,0,0,0,0,1,0,0,0,0,0,0,7,75706,1.215,1895,777,713
2013.25,1,0,0,0,0,1,0,0,0,0,0,0,7,75706,1.215,1854,750,666
2013.26,1,0,0,0,0,0,1,0,0,0,0,0,7,77628,1.219,1747,742,706
2013.27,1,0,0,0,0,0,1,0,0,0,0,0,7,77628,1.219,1711,718,641
2013.28,1,0,0,0,0,0,1,0,0,0,0,0,7,77628,1.219,1766,719,729
2013.29,1,0,0,0,0,0,1,0,0,0,0,0,7,77628,1.219,1793,701,706
2013.3,1,0,0,0,0,0,1,0,0,0,0,0,7,77628,1.219,1782,709,678
2013.31,1,0,0,0,0,0,0,1,0,0,0,0,7,75479,1.216,1852,664,724
2013.32,1,0,0,0,0,0,0,1,0,0,0,0,7,75479,1.216,1744,693,699
2013.33,1,0,0,0,0,0,0,1,0,0,0,0,7,75479,1.216,1938,735,678
2013.34,1,0,0,0,0,0,0,1,0,0,0,0,7,75479,1.216,1778,776,641
2013.35,1,0,0,0,0,0,0,0,1,0,0,0,7,70111,1.186,1737,764,680
2013.36,1,0,0,0,0,0,0,0,1,0,0,0,7,70111,1.186,1650,727,673
2013.37,1,0,0,0,0,0,0,0,1,0,0,0,7,70111,1.186,1765,740,574
2013.38,0,0,0,0,0,0,0,0,1,0,0,0,7,70111,1.186,1659,773,608
2013.39,0,0,0,0,0,0,0,0,1,0,0,0,7,70111,1.186,1868,802,623
2013.4,0,0,0,0,0,0,0,0,0,1,0,0,7,69831,1.176,1627,674,623
2013.41,0,0,0,0,0,0,0,0,0,1,0,0,7,69831,1.176,1737,676,692
2013.42,0,0,0,0,0,0,0,0,0,1,0,0,7,69831,1.176,1590,689,606
2013.43,0,0,0,0,0,0,0,0,0,1,0,0,7,69831,1.176,1689,768,655
2013.44,0,0,0,0,0,0,0,0,0,0,1,0,7,63408,1.147,1586,643,595
2013.45,0,0,0,0,0,0,0,0,0,0,1,0,7,63408,1.147,1602,696,599
2013.46,0,0,0,0,0,0,0,0,0,0,1,0,7,63408,1.147,1613,685,532
2013.47,0,0,0,0,0,0,0,0,0,0,1,0,7,63408,1.147,1309,545,463
2013.48,0,0,0,0,0,0,0,0,0,0,0,1,7,58411,1.127,1444,644,541
2013.49,0,0,0,0,0,0,0,0,0,0,0,1,7,58411,1.127,1235,467,454
2013.5,0,0,0,0,0,0,0,0,0,0,0,1,7,58411,1.127,1530,603,495
2013.51,0,0,0,0,0,0,0,0,0,0,0,1,7,58411,1.127,1215,526,387
2013.52,0,0,0,0,0,0,0,0,0,0,0,1,2,58411,1.127,379,180,134
2014.0,0,0,0,0,0,0,0,0,0,0,0,0,5,63662,1.163,768,324,259
2014.01,0,0,0,0,0,0,0,0,0,0,0,0,7,63662,1.163,1374,569,424
2014.02,0,0,0,0,0,0,0,0,0,0,0,0,7,63662,1.163,1512,762,510
2014.03,0,0,0,0,0,0,0,0,0,0,0,0,7,63662,1.163,1094,440,314
2014.04,0,0,0,0,0,0,0,0,0,0,0,0,7,63662,1.163,1300,630,415
2014.05,0,1,0,0,0,0,0,0,0,0,0,0,7,62403,1.129,1252,580,472
2014.06,0,1,0,0,0,0,0,0,0,0,0,0,7,62403,1.129,1152,458,397
2014.07,0,1,0,0,0,0,0,0,0,0,0,0,7,62403,1.129,1386,680,477
2014.08,0,1,0,0,0,0,0,0,0,0,0,0,7,62403,1.129,1300,528,458
2014.09,0,0,1,0,0,0,0,0,0,0,0,0,7,61131,1.219,1475,581,455
2014.1,0,0,1,0,0,0,0,0,0,0,0,0,7,61131,1.219,1448,720,519
2014.11,0,0,1,0,0,0,0,0,0,0,0,0,7,61131,1.219,1673,712,591
2014.12,0,0,1,0,0,0,0,0,0,0,0,0,7,61131,1.219,1457,625,495
2014.13,0,0,1,0,0,0,0,0,0,0,0,0,7,61131,1.219,1672,729,552
2014.14,0,0,0,1,0,0,0,0,0,0,0,0,7,52018,1.2329999999999999,1801,805,629
2014.15,0,0,0,1,0,0,0,0,0,0,0,0,7,52018,1.2329999999999999,1702,727,533
2014.16,0,0,0,1,0,0,0,0,0,0,0,0,7,52018,1.2329999999999999,1747,827,590
2014.17,0,0,0,1,0,0,0,0,0,0,0,0,7,52018,1.2329999999999999,1753,803,519
2014.18,0,0,0,0,1,0,0,0,0,0,0,0,7,58777,1.23,1766,832,581
2014.19,0,0,0,0,1,0,0,0,0,0,0,0,7,58777,1.23,1791,797,637
2014.2,0,0,0,0,1,0,0,0,0,0,0,0,7,58777,1.23,1732,784,642
2014.21,0,0,0,0,1,0,0,0,0,0,0,0,7,58777,1.23,1801,769,612
2014.22,0,0,0,0,0,1,0,0,0,0,0,0,7,58013,1.2329999999999999,1841,896,604
2014.23,0,0,0,0,0,1,0,0,0,0,0,0,7,58013,1.2329999999999999,1764,827,594
2014.24,1,0,0,0,0,1,0,0,0,0,0,0,7,58013,1.2329999999999999,1952,773,599
2014.25,1,0,0,0,0,1,0,0,0,0,0,0,7,58013,1.2329999999999999,1747,821,614
2014.26,1,0,0,0,0,1,0,0,0,0,0,0,7,58013,1.2329999999999999,1739,803,620
2014.27,1,0,0,0,0,0,1,0,0,0,0,0,7,62450,1.236,1938,829,554
2014.28,1,0,0,0,0,0,1,0,0,0,0,0,7,62450,1.236,1856,878,639
2014.29,1,0,0,0,0,0,1,0,0,0,0,0,7,62450,1.236,1876,865,700
2014.3,1,0,0,0,0,0,1,0,0,0,0,0,7,62450,1.236,1730,880,667
2014.31,1,0,0,0,0,0,0,1,0,0,0,0,7,58529,1.237,1869,763,606
2014.32,1,0,0,0,0,0,0,1,0,0,0,0,7,58529,1.237,1787,812,590
2014.33,1,0,0,0,0,0,0,1,0,0,0,0,7,58529,1.237,1729,799,557
2014.34,1,0,0,0,0,0,0,1,0,0,0,0,7,58529,1.237,1639,729,579
2014.35,1,0,0,0,0,0,0,0,1,0,0,0,7,51451,1.1440000000000001,1856,829,677
2014.36,1,0,0,0,0,0,0,0,1,0,0,0,7,51451,1.1440000000000001,1745,786,644
2014.37,1,0,0,0,0,0,0,0,1,0,0,0,7,51451,1.1440000000000001,1935,756,687
2014.38,1,0,0,0,0,0,0,0,1,0,0,0,7,51451,1.1440000000000001,1847,743,645
2014.39,0,0,0,0,0,0,0,0,1,0,0,0,7,51451,1.1440000000000001,1833,846,693
2014.4,0,0,0,0,0,0,0,0,0,1,0,0,7,50381,1.165,1819,769,726
2014.41,0,0,0,0,0,0,0,0,0,1,0,0,7,50381,1.165,1820,765,674
2014.42,0,0,0,0,0,0,0,0,0,1,0,0,7,50381,1.165,1808,718,598
2014.43,0,0,0,0,0,0,0,0,0,1,0,0,7,50381,1.165,1805,759,731
2014.44,0,0,0,0,0,0,0,0,0,0,1,0,7,48721,1.14,1882,751,609
2014.45,0,0,0,0,0,0,0,0,0,0,1,0,7,48721,1.14,1818,656,592
2014.46,0,0,0,0,0,0,0,0,0,0,1,0,7,48721,1.14,1614,567,568
2014.47,0,0,0,0,0,0,0,0,0,0,1,0,7,48721,1.14,1455,563,523
2014.48,0,0,0,0,0,0,0,0,0,0,0,1,7,45875,1.146,1644,552,589
2014.49,0,0,0,0,0,0,0,0,0,0,0,1,7,45875,1.146,1533,602,559
2014.5,0,0,0,0,0,0,0,0,0,0,0,1,7,45875,1.146,1644,611,543
2014.51,0,0,0,0,0,0,0,0,0,0,0,1,7,45875,1.146,1349,491,470
2014.52,0,0,0,0,0,0,0,0,0,0,0,1,3,45875,1.146,609,235,220
2015.0,0,0,0,0,0,0,0,0,0,0,0,0,4,54104,1.14,804,273,329
2015.01,0,0,0,0,0,0,0,0,0,0,0,0,7,54104,1.14,1305,529,482
2015.02,0,0,0,0,0,0,0,0,0,0,0,0,7,54104,1.14,1547,603,649
2015.03,0,0,0,0,0,0,0,0,0,0,0,0,7,54104,1.14,1470,604,577
2015.04,0,0,0,0,0,0,0,0,0,0,0,0,7,54104,1.14,1399,535,548
2015.05,0,1,0,0,0,0,0,0,0,0,0,0,7,50879,1.14,1595,638,602
2015.06,0,1,0,0,0,0,0,0,0,0,0,0,7,50879,1.14,1409,531,557
2015.07,0,1,0,0,0,0,0,0,0,0,0,0,7,50879,1.14,1270,469,496
2015.08,0,1,0,0,0,0,0,0,0,0,0,0,7,50879,1.14,1517,547,586
2015.09,0,0,1,0,0,0,0,0,0,0,0,0,7,49320,1.092,1324,519,496
2015.1,0,0,1,0,0,0,0,0,0,0,0,0,7,49320,1.092,1532,621,607
2015.11,0,0,1,0,0,0,0,0,0,0,0,0,7,49320,1.092,1696,612,590
2015.12,0,0,1,0,0,0,0,0,0,0,0,0,7,49320,1.092,1624,595,627
2015.13,0,0,1,0,0,0,0,0,0,0,0,0,7,49320,1.092,1709,780,658
2015.14,0,0,0,1,0,0,0,0,0,0,0,0,7,46180,1.087,1761,695,678
2015.15,0,0,0,1,0,0,0,0,0,0,0,0,7,46180,1.087,1945,709,742
2015.16,0,0,0,1,0,0,0,0,0,0,0,0,7,46180,1.087,1836,715,774
2015.17,0,0,0,1,0,0,0,0,0,0,0,0,7,46180,1.087,1802,776,672
2015.18,0,0,0,0,1,0,0,0,0,0,0,0,7,53225,1.1179999999999999,1873,758,745
2015.19,0,0,0,0,1,0,0,0,0,0,0,0,7,53225,1.1179999999999999,1797,766,622
2015.2,0,0,0,0,1,0,0,0,0,0,0,0,7,53225,1.1179999999999999,1896,740,667
2015.21,0,0,0,0,1,0,0,0,0,0,0,0,7,53225,1.1179999999999999,1847,707,692
2015.22,0,0,0,0,0,1,0,0,0,0,0,0,7,51468,1.0390000000000001,1698,721,711
2015.23,0,0,0,0,0,1,0,0,0,0,0,0,7,51468,1.0390000000000001,1815,782,698
2015.24,1,0,0,0,0,1,0,0,0,0,0,0,7,51468,1.0390000000000001,1781,788,667
2015.25,1,0,0,0,0,1,0,0,0,0,0,0,7,51468,1.0390000000000001,1761,722,679
2015.26,1,0,0,0,0,1,0,0,0,0,0,0,7,51468,1.0390000000000001,1830,757,701
2015.27,1,0,0,0,0,0,1,0,0,0,0,0,7,55132,1.038,1825,764,672
2015.28,1,0,0,0,0,0,1,0,0,0,0,0,7,55132,1.038,1768,802,601
2015.29,1,0,0,0,0,0,1,0,0,0,0,0,7,55132,1.038,1833,803,614
2015.3,1,0,0,0,0,0,1,0,0,0,0,0,7,55132,1.038,1812,894,607
2015.31,1,0,0,0,0,0,0,1,0,0,0,0,7,50124,1.042,1834,754,619
2015.32,1,0,0,0,0,0,0,1,0,0,0,0,7,50124,1.042,1849,795,623
2015.33,1,0,0,0,0,0,0,1,0,0,0,0,7,50124,1.042,1918,768,684
2015.34,1,0,0,0,0,0,0,1,0,0,0,0,7,50124,1.042,1798,816,675
2015.35,1,0,0,0,0,0,0,1,0,0,0,0,7,50124,1.042,1847,799,605
2015.36,1,0,0,0,0,0,0,0,1,0,0,0,7,44703,1.026,1657,749,561
2015.37,1,0,0,0,0,0,0,0,1,0,0,0,7,44703,1.026,1702,822,650
2015.38,1,0,0,0,0,0,0,0,1,0,0,0,7,44703,1.026,1476,614,475
2015.39,0,0,0,0,0,0,0,0,1,0,0,0,7,44703,1.026,1439,581,502
2015.4,0,0,0,0,0,0,0,0,0,1,0,0,7,43005,0.9990000000000001,1680,750,570
2015.41,0,0,0,0,0,0,0,0,0,1,0,0,7,43005,0.9990000000000001,1574,730,555
2015.42,0,0,0,0,0,0,0,0,0,1,0,0,7,43005,0.9990000000000001,1522,725,577
2015.43,0,0,0,0,0,0,0,0,0,1,0,0,7,43005,0.9990000000000001,1635,628,589
2015.44,0,0,0,0,0,0,0,0,0,0,1,0,7,40368,0.9990000000000001,1586,688,593
2015.45,0,0,0,0,0,0,0,0,0,0,1,0,7,40368,0.9990000000000001,1506,608,609
2015.46,0,0,0,0,0,0,0,0,0,0,1,0,7,40368,0.9990000000000001,1559,620,525
2015.47,0,0,0,0,0,0,0,0,0,0,1,0,7,40368,0.9990000000000001,1346,526,480
2015.48,0,0,0,0,0,0,0,0,0,0,1,0,7,40368,0.9990000000000001,1462,641,504
2015.49,0,0,0,0,0,0,0,0,0,0,0,1,7,36459,0.9540000000000001,1510,635,608
2015.5,0,0,0,0,0,0,0,0,0,0,0,1,7,36459,0.9540000000000001,1505,595,516
2015.51,0,0,0,0,0,0,0,0,0,0,0,1,7,36459,0.9540000000000001,1198,474,481
2015.52,0,0,0,0,0,0,0,0,0,0,0,1,4,36459,0.9540000000000001,877,337,310
2016.0,0,0,0,0,0,0,0,0,0,0,0,0,3,44152,0.9540000000000001,474,196,222
2016.01,0,0,0,0,0,0,0,0,0,0,0,0,7,44152,0.9540000000000001,1395,481,489
2016.02,0,0,0,0,0,0,0,0,0,0,0,0,7,44152,0.9540000000000001,1479,487,473
2016.03,0,0,0,0,0,0,0,0,0,0,0,0,7,44152,0.9540000000000001,1140,422,339
2016.04,0,0,0,0,0,0,0,0,0,0,0,0,7,44152,0.9540000000000001,1364,437,503
2016.05,0,1,0,0,0,0,0,0,0,0,0,0,7,44178,0.955,1540,491,527
2016.06,0,1,0,0,0,0,0,0,0,0,0,0,7,44178,0.955,1315,425,418
2016.07,0,1,0,0,0,0,0,0,0,0,0,0,7,44178,0.955,1303,493,524
2016.08,0,1,0,0,0,0,0,0,0,0,0,0,7,44178,0.955,1379,491,550
2016.09,0,1,0,0,0,0,0,0,0,0,0,0,7,44178,0.955,1464,519,497
2016.1,0,0,1,0,0,0,0,0,0,0,0,0,7,47477,1.003,1509,545,559
2016.11,0,0,1,0,0,0,0,0,0,0,0,0,7,47477,1.003,1448,519,565
2016.12,0,0,1,0,0,0,0,0,0,0,0,0,7,47477,1.003,1516,519,514
2016.13,0,0,1,0,0,0,0,0,0,0,0,0,7,47477,1.003,1606,562,570
2016.14,0,0,0,1,0,0,0,0,0,0,0,0,7,46584,0.997,1550,514,463
2016.15,0,0,0,1,0,0,0,0,0,0,0,0,7,46584,0.997,1726,601,501
2016.16,0,0,0,1,0,0,0,0,0,0,0,0,7,46584,0.997,1629,602,573
2016.17,0,0,0,1,0,0,0,0,0,0,0,0,7,46584,0.997,1660,596,543
2016.18,0,0,0,0,1,0,0,0,0,0,0,0,7,49989,0.991,1669,624,559
2016.19,0,0,0,0,1,0,0,0,0,0,0,0,7,49989,0.991,1639,600,584
2016.2,0,0,0,0,1,0,0,0,0,0,0,0,7,49989,0.991,1690,607,523
2016.21,0,0,0,0,1,0,0,0,0,0,0,0,7,49989,0.991,1757,660,572
2016.22,0,0,0,0,1,0,0,0,0,0,0,0,7,49989,0.991,1620,616,600
2016.23,0,0,0,0,0,1,0,0,0,0,0,0,7,49192,0.992,1604,579,606
2016.24,0,0,0,0,0,1,0,0,0,0,0,0,7,49192,0.992,1625,583,564
2016.25,1,0,0,0,0,1,0,0,0,0,0,0,7,49192,0.992,1616,708,622
2016.26,1,0,0,0,0,1,0,0,0,0,0,0,7,49192,0.992,1692,635,579
2016.27,1,0,0,0,0,0,1,0,0,0,0,0,7,55291,0.993,1439,646,533
2016.28,1,0,0,0,0,0,1,0,0,0,0,0,7,55291,0.993,1644,622,502
2016.29,1,0,0,0,0,0,1,0,0,0,0,0,7,55291,0.993,1516,493,544
2016.3,1,0,0,0,0,0,1,0,0,0,0,0,7,55291,0.993,1437,523,441
2016.31,1,0,0,0,0,0,0,1,0,0,0,0,7,54853,0.993,1592,609,534
2016.32,1,0,0,0,0,0,0,1,0,0,0,0,7,54853,0.993,1596,627,537
2016.33,1,0,0,0,0,0,0,1,0,0,0,0,3,54853,0.993,703,276,233
